"degreeCutoff","p","lambda","meanLS","medianLS","R","G","GompAIC","WeibAIC"
NA,NA,NA,NA,NA,NA,NA,NA,NA
6,0.5,0.037037037037037,2.93183404195129,2.36178060695263,0.221238769370881,0.168682524142243,406.792715842473,409.303335564562
6,0.6,0.037037037037037,5.91796268502924,5.4581479432527,0.0661386918694907,0.19291676419422,518.865425078601,518.880094527139
6,0.7,0.037037037037037,9.37999939061377,9.70927292481065,0.0155345537705764,0.261344821705433,546.621728130374,550.347851151471
6,0.8,0.037037037037037,13.3927610929773,13.7986933419015,0.00345933441281543,0.295175887467043,546.692035647883,557.834806402642
6,0.9,0.037037037037037,15.61948742591,15.5027923453599,0.00254398845487276,0.26654405325944,566.148139912868,557.137700603727
6,1,0.037037037037037,18.0184515372425,17.9494712327141,0.00237013814157407,0.227509275757352,593.088435091675,579.372943077786
6,0.5,0.0123456790123457,9.42719093530878,8.26626208026106,0.0669874910706047,0.0557194102470041,639.608030916543,641.086630295963
6,0.6,0.0123456790123457,19.1062412249896,18.7993528135158,0.0133850887207898,0.0900169079633735,722.745871599528,722.542224606945
6,0.7,0.0123456790123457,26.2970859613185,26.4169070112985,0.0108969114045217,0.0594075155451285,795.412374393873,801.52503913018
6,0.8,0.0123456790123457,37.9878036211286,37.9488931326804,0.00287403718556837,0.0761455464954555,795.887100265503,781.561658665035
6,0.9,0.0123456790123457,45.7542037207513,46.630442080088,0.00116369363459865,0.0832245803412684,793.656359991656,784.841161048365
6,1,0.0123456790123457,55.3060205540099,55.2730940929614,0.000642202915666342,0.0780234925917622,811.087478709426,801.432485397988
6,0.5,0.00411522633744856,29.5667748323172,24.6485044502187,0.0203170391169882,0.0199380405201699,865.390596938729,866.753811607392
6,0.6,0.00411522633744856,53.4737826315565,54.034543036766,0.00644101213647572,0.0246144313807791,949.769828555328,953.057315667202
6,0.7,0.00411522633744856,80.4319218107513,81.9022490648223,0.00274797871444257,0.0234813259620138,1005.6482911689,1024.67231684192
6,0.8,0.00411522633744856,115.250932441353,111.782921517276,0.000654441781411528,0.0288713262484144,1004.85613405307,1000.90814150499
6,0.9,0.00411522633744856,142.342099271565,138.936735650059,0.00031921956964775,0.0281280829778731,1013.164586831,1000.7012806508
6,1,0.00411522633744856,167.91517699511,174.628002512767,0.000221784499170013,0.0255450230981025,1028.88146150046,1014.89291251291
