"degreeCutoff","p","lambda","meanLS","medianLS","R","G","GompAIC","WeibAIC"
NA,NA,NA,NA,NA,NA,NA,NA,NA
5,0.5,0.037037037037037,1.95445523444736,1.50879354123026,0.396610970372959,0.142499289197294,333.262768231764,332.272822037171
5,0.6,0.037037037037037,4.29687528644596,3.93054553703405,0.107146008044856,0.214950735468015,465.985933861473,472.464408412884
5,0.7,0.037037037037037,6.59698645644072,6.56839996821371,0.0358350532024541,0.274436410455751,507.675094776208,508.780572608724
5,0.8,0.037037037037037,9.80487467507485,10.281713694334,0.0139869009017936,0.259443454328041,549.173356016617,555.949144223772
5,0.9,0.037037037037037,13.5206654422875,13.7902972900774,0.00409082867583508,0.27791923708912,552.271291657079,543.428753191566
5,1,0.037037037037037,15.3815309641756,15.4111235418823,0.00293680462995693,0.261450207360025,565.785739873211,552.751714873442
